City,Country,Time,Lat,Lng,Humidity,Max Temp,Min Temp,Cloudiness,Wind Speed
Abancay,PE,1575105925,-13.64,-72.88,93,51.91,51.91,100,2.3
Ushuaia,AR,1575105926,-54.81,-68.31,70,42.8,42.8,90,20.8
Sao Filipe,CV,1575105926,14.9,-24.5,77,73.0,73.0,1,15.97
Tommot,RU,1575105926,58.97,126.27,96,4.05,4.05,100,6.33
Punta Arenas,CL,1575105926,-53.16,-70.91,56,42.8,42.01,75,16.11
Castro,CL,1575105927,-42.48,-73.76,93,46.4,46.4,100,3.36
Mataura,NZ,1575105927,-46.19,168.86,77,55.99,55.99,36,1.01
Kashary,RU,1575105928,49.04,41.01,89,44.65,44.65,100,20.27
Hilo,US,1575105741,19.71,-155.08,100,69.01,50.0,90,8.05
Clyde River,CA,1575105929,70.47,-68.59,79,21.2,21.2,90,9.17
San Cristobal,HN,1575105733,14.68,-86.92,98,61.14,61.14,83,1.7
Busselton,AU,1575105930,-33.64,115.35,12,80.01,79.0,28,3.65
Yellowknife,CA,1575105708,62.45,-114.38,85,17.6,17.01,90,5.82
Cape Town,ZA,1575105930,-33.93,18.42,46,71.01,68.0,40,10.29
Carbonia,IT,1575105931,39.17,8.53,77,60.01,50.0,100,6.93
Rikitea,PF,1575105931,-23.12,-134.97,78,77.68,77.68,100,4.21
Lar,IR,1575105931,27.66,54.32,43,71.6,71.6,0,6.93
Yulara,AU,1575105931,-25.24,130.99,30,80.6,80.6,26,13.87
Pevek,RU,1575105932,69.7,170.27,95,-0.51,-0.51,100,7.07
Brookhaven,US,1575105932,40.78,-72.92,59,34.0,28.99,40,12.75
Georgetown,GY,1575105909,6.8,-58.16,100,73.4,73.4,40,4.7
Pozo Colorado,PY,1575105932,-23.49,-58.8,65,81.12,81.12,86,5.93
Touba,SN,1575105933,14.86,-15.88,82,66.2,66.2,0,4.7
Barrow,AR,1575105933,-38.31,-60.23,41,57.18,57.18,100,10.76
Gamba,CN,1575105933,28.28,88.52,29,24.62,24.62,0,7.25
Cherskiy,RU,1575105933,68.75,161.3,92,-3.19,-3.19,100,20.13
Puerto Narino,CO,1575105934,-3.77,-70.38,100,73.4,73.4,100,1.41
Marrakesh,MA,1575105934,31.63,-7.99,54,59.0,59.0,75,4.7
Alexandria,RO,1575105934,43.97,25.33,99,46.99,46.99,100,9.64
Thompson,CA,1575105934,55.74,-97.86,84,1.4,1.4,90,2.24
Rumoi,JP,1575105935,43.93,141.67,79,26.6,26.6,75,10.29
Turtas,RU,1575105935,58.94,69.13,77,23.11,23.11,2,9.42
Hasaki,JP,1575105936,35.73,140.83,74,41.0,37.0,20,1.12
Swellendam,ZA,1575105936,-34.02,20.44,43,71.6,71.6,100,19.46
Talnakh,RU,1575105936,69.49,88.39,83,-11.2,-11.2,100,15.66
Bluff,AU,1575105936,-23.58,149.07,38,84.88,84.88,33,18.63
Velsk,RU,1575105937,61.07,42.1,96,36.46,36.46,100,12.66
Albany,US,1575105837,42.65,-73.75,68,26.01,17.01,20,9.17
Vila Velha,BR,1575105937,-3.71,-38.6,78,86.0,77.0,40,8.05
Hofn,IS,1575105937,64.25,-15.21,64,38.53,38.53,94,10.47
Vila,IT,1575105938,45.18,8.4,93,48.99,39.0,0,8.05
Narsaq,GL,1575105938,60.91,-46.05,50,33.8,33.8,75,3.36
Codrington,AU,1575105938,-28.95,153.24,65,77.0,72.0,75,27.51
Gimli,CA,1575105938,50.63,-96.99,92,30.0,28.0,94,4.0
Lodja,CD,1575105939,-3.52,23.6,90,79.83,79.83,78,2.73
Hithadhoo,MV,1575105939,-0.6,73.08,84,80.29,80.29,88,15.46
Saint-Philippe,CA,1575105939,45.36,-73.48,72,17.01,12.0,1,5.82
Jamestown,AU,1575105939,-33.21,138.6,44,57.25,57.25,0,15.05
Babstovo,RU,1575105940,48.12,132.48,85,11.89,11.89,100,3.94
Petropavlovsk-Kamchatskiy,RU,1575105940,53.05,158.65,100,14.0,14.0,0,6.71
Atuona,PF,1575105940,-9.8,-139.03,69,79.3,79.3,0,15.41
Hobart,AU,1575105894,-42.88,147.33,62,60.01,50.0,75,11.41
Toronto,CA,1575105932,43.65,-79.39,74,33.01,23.0,40,5.82
Faanui,PF,1575105941,-16.48,-151.75,82,81.03,81.03,79,9.55
Kushima,JP,1575105941,31.5,131.29,71,53.6,53.6,20,2.24
Saskylakh,RU,1575105941,71.97,114.09,96,-27.13,-27.13,100,10.74
Dikson,RU,1575105942,73.51,80.55,95,-15.54,-15.54,20,5.14
Fortuna,US,1575105942,40.6,-124.16,84,42.01,28.99,1,8.05
Chulman,RU,1575105942,56.84,124.9,95,-6.21,-6.21,93,0.98
Ushtobe,KZ,1575105942,45.25,77.98,59,26.96,26.96,0,3.0
Hirara,JP,1575105943,24.8,125.28,68,71.6,71.6,20,16.11
Tuktoyaktuk,CA,1575105943,69.44,-133.03,93,12.94,12.94,100,3.89
Klaksvik,FO,1575105943,62.23,-6.59,84,33.8,33.8,100,2.24
Belle Fourche,US,1575105944,44.67,-103.85,100,25.0,17.01,90,5.82
Samarai,PG,1575105944,-10.62,150.67,91,77.7,77.7,1,3.51
Laguna,BZ,1575105944,16.17,-88.94,100,68.0,68.0,26,1.48
De Aar,ZA,1575105945,-30.65,24.01,12,91.58,91.58,38,20.71
Dingle,PH,1575105945,11.0,122.67,82,75.4,75.4,38,10.65
Ust-Nera,RU,1575105945,64.57,143.24,100,-38.22,-38.22,99,1.74
Qaanaaq,GL,1575105945,77.48,-69.36,86,0.63,0.63,100,8.03
Kapaa,US,1575105946,22.08,-159.32,74,78.8,71.6,90,19.46
Puerto Ayora,EC,1575105946,-0.74,-90.35,90,70.0,70.0,95,1.99
New Norfolk,AU,1575105946,-42.78,147.06,62,60.01,50.0,75,11.41
Union,US,1575105947,34.72,-81.62,71,53.6,46.99,90,3.31
Kelso,GB,1575105947,55.6,-2.43,90,33.8,21.99,0,4.7
Bathsheba,BB,1575105947,13.22,-59.52,94,75.2,75.2,20,4.7
Half Moon Bay,US,1575105947,37.46,-122.43,100,45.0,35.01,1,9.82
Chapais,CA,1575105947,49.78,-74.86,84,6.8,6.8,90,10.29
Nemuro,JP,1575105948,43.32,145.57,73,23.0,23.0,20,4.7
Santa Luzia,BR,1575105949,-19.77,-43.85,100,69.8,68.0,75,3.36
Gvarv,NO,1575105949,59.39,9.18,79,26.6,17.01,0,3.36
Ballina,IE,1575105949,54.11,-9.15,86,43.0,37.4,90,14.99
Waverly,US,1575105949,37.04,-77.1,81,43.0,39.0,90,3.6
Avarua,CK,1575105950,-21.21,-159.78,88,71.6,71.6,100,1.12
Novouzensk,RU,1575105950,50.46,48.14,80,33.96,33.96,99,14.76
Coahuayana,MX,1575105951,18.62,-100.35,79,70.84,70.84,0,2.15
Wexford,US,1575105951,40.63,-80.06,92,35.6,30.0,1,3.36
Butaritari,KI,1575105951,3.07,172.79,69,84.22,84.22,0,5.64
Kidal,ML,1575105951,18.44,1.41,11,82.98,82.98,0,7.05
Goderich,CA,1575105952,43.74,-81.71,86,28.99,26.01,100,3.0
Alofi,NU,1575105953,-19.06,-169.92,94,68.0,68.0,82,1.12
East London,ZA,1575105953,-33.02,27.91,73,71.6,71.6,75,14.99
Bandarbeyla,SO,1575105954,9.49,50.81,72,78.98,78.98,65,30.91
Heihe,RU,1575105954,50.24,127.51,77,1.4,1.4,40,3.38
Cabo San Lucas,MX,1575105954,22.89,-109.91,91,70.0,63.0,30,1.01
Sungaipenuh,ID,1575105955,-2.08,101.38,74,75.61,75.61,62,0.85
Vanavara,RU,1575105955,60.35,102.28,93,-10.59,-10.59,100,8.34
Airai,TL,1575105955,-8.93,125.41,68,75.96,75.96,43,4.45
Saint Marys,US,1575105956,41.43,-78.56,92,30.0,25.0,40,2.77
Sitka,US,1575105956,37.17,-99.65,61,43.0,43.0,95,14.0
Oyon,PE,1575105956,-10.67,-76.77,94,41.29,41.29,96,0.76
Coquimbo,CL,1575105956,-29.95,-71.34,93,53.6,53.6,67,2.24
Carnarvon,ZA,1575105957,-30.97,22.13,7,85.26,85.26,0,16.64
Kavieng,PG,1575105957,-2.57,150.8,71,84.07,84.07,31,5.17
Kodiak,US,1575105957,39.95,-94.76,93,41.0,39.0,90,5.82
Arraial do Cabo,BR,1575105958,-22.97,-42.02,88,71.6,66.2,20,2.24
Vaini,IN,1575105958,15.34,74.49,48,82.4,82.4,100,11.41
Muhos,FI,1575105958,64.81,26.0,79,26.6,21.99,75,13.87
Nanortalik,GL,1575105959,60.14,-45.24,73,37.89,37.89,100,9.31
Flinders,AU,1575105959,-34.58,150.85,82,69.01,60.8,90,16.11
Eldorado,BR,1575105960,-24.52,-48.11,93,62.46,62.46,7,1.43
Maputo,MZ,1575105948,-25.97,32.57,30,95.0,95.0,7,13.87
Khani,GE,1575105960,41.96,42.96,93,51.8,51.8,90,3.36
Juneau,US,1575105865,58.3,-134.42,96,35.01,32.0,90,4.7
Pueblo,US,1575105961,38.25,-104.61,25,39.2,18.0,1,25.28
Sola,TZ,1575105961,-3.17,33.8,60,77.11,77.11,72,6.85
Souillac,FR,1575105962,45.6,-0.6,100,45.0,42.8,100,5.82
Chupa,PE,1575105962,-15.11,-69.99,66,42.31,42.31,95,1.36
Hillsborough,US,1575105962,37.57,-122.38,100,45.0,34.0,1,9.82
Cururupu,BR,1575105962,-1.82,-44.87,89,75.29,75.29,29,2.89
Pascagoula,US,1575105960,30.37,-88.56,93,60.01,46.4,1,3.09
Tiksi,RU,1575105963,71.64,128.87,94,-18.42,-18.42,97,3.56
Lagoa,PT,1575105963,37.14,-8.45,87,60.01,57.0,75,1.12
Komsomolskiy,RU,1575105964,67.55,63.78,98,32.74,32.74,100,10.54
Kibala,TD,1575105964,9.11,18.35,35,86.0,86.0,11,9.17
Nalut,LY,1575105965,31.86,10.98,48,63.81,63.81,0,3.69
Caravelas,BR,1575105965,-17.73,-39.27,89,74.71,74.71,100,5.68
Hermanus,ZA,1575105965,-34.42,19.24,63,71.01,70.0,29,11.01
Emirdag,TR,1575105966,39.02,31.15,67,52.3,52.3,100,13.73
Nikolskoye,RU,1575105966,59.7,30.79,79,27.0,26.01,75,17.9
Torbay,CA,1575105966,47.66,-52.73,93,41.0,37.99,90,4.7
Kaifeng,CN,1575105966,34.8,114.35,56,42.8,42.8,99,4.47
Patterson,US,1575105967,37.47,-121.13,86,44.01,34.0,1,4.7
Lompoc,US,1575105947,34.64,-120.46,86,44.6,37.0,1,4.7
Mnogovershinnyy,RU,1575105967,53.94,139.92,89,3.04,3.04,0,8.61
Ribeira Grande,PT,1575105968,38.52,-28.7,88,66.2,66.2,20,11.41
Minot,US,1575105760,48.23,-101.3,92,28.4,26.6,90,13.87
Port Alfred,ZA,1575105968,-33.59,26.89,70,75.99,75.99,77,4.0
Ulladulla,AU,1575105969,-35.36,150.48,82,62.01,55.0,90,16.11
Grindavik,IS,1575105969,63.84,-22.43,100,35.6,33.8,75,11.41
Bredasdorp,ZA,1575105969,-34.53,20.04,43,71.6,70.0,100,19.46
Staroaleyskoye,RU,1575105970,51.01,82.0,81,10.08,10.08,52,4.85
Waipawa,NZ,1575105970,-39.94,176.59,84,61.0,61.0,0,4.0
Umm Lajj,SA,1575105970,25.02,37.27,23,85.53,85.53,0,8.99
Namatanai,PG,1575105970,-3.66,152.44,73,83.71,83.71,77,10.67
Madera,US,1575105723,36.96,-120.06,69,42.01,21.99,1,9.17
Chimbote,PE,1575105971,-9.08,-78.59,94,61.88,61.88,79,3.02
Kantemirovka,RU,1575105971,49.7,39.85,92,44.17,44.17,100,15.26
Togitsu,JP,1575105972,32.83,129.83,71,57.2,50.0,0,10.29
Aitape,PG,1575105972,-3.15,142.36,78,83.91,83.91,33,9.01
Idlib,SY,1575105972,35.93,36.64,93,57.2,57.2,75,3.36
Cenotillo,MX,1575105973,20.97,-88.6,97,67.82,67.82,66,3.31
Pochutla,MX,1575105973,15.74,-96.47,82,73.99,73.99,100,13.24
Padang,ID,1575105973,-0.92,100.36,94,75.13,75.13,53,2.53
Tezu,IN,1575105973,27.93,96.16,52,72.12,72.12,63,2.71
Ostrovnoy,RU,1575105973,68.05,39.51,93,33.91,33.91,100,16.37
Miandrivazo,MG,1575105974,-19.53,45.46,34,95.81,95.81,1,2.71
Sudzha,RU,1575105974,51.19,35.27,87,41.22,41.22,100,10.36
Xining,CN,1575105974,36.62,101.77,79,20.32,20.32,100,5.84
Arman,RU,1575105974,59.7,150.17,63,11.62,11.62,100,20.07
Deputatskiy,RU,1575105975,69.3,139.9,95,-14.62,-14.62,99,3.69
Kenai,US,1575105975,60.55,-151.26,93,39.0,33.01,90,3.36
Huntington,US,1575105976,40.87,-73.43,55,35.01,27.0,20,8.05
Paraiso,BR,1575105976,-0.03,-51.17,100,77.0,77.0,20,3.36
Northam,AU,1575105976,-31.65,116.67,13,84.2,84.2,0,18.34
Ghanzi,BW,1575105976,-21.7,21.65,28,90.88,90.88,0,5.37
Paragominas,BR,1575105977,-3.0,-47.35,95,71.74,71.74,71,2.98
Southbridge,US,1575105977,42.08,-72.03,53,30.0,23.0,1,25.28
Huron,US,1575105977,44.36,-98.21,100,33.8,30.2,90,20.8
Salalah,OM,1575105978,17.01,54.1,25,87.8,87.8,54,20.8
Ouro Preto do Oeste,BR,1575105978,-10.75,-62.22,96,69.42,69.42,99,1.61
Chokurdakh,RU,1575105978,70.62,147.9,99,-20.51,-20.51,71,5.66
Grand Gaube,MU,1575105979,-20.01,57.66,66,84.2,80.01,75,12.75
Acapulco,MX,1575105979,16.86,-99.88,88,80.6,80.6,40,3.6
Terrasini,IT,1575105979,38.15,13.08,77,64.99,53.01,40,6.93
Bam,IR,1575105979,29.11,58.36,17,70.16,70.16,0,5.06
Gambela,ET,1575105980,8.25,34.59,36,95.85,95.85,22,2.1
Mar del Plata,AR,1575105980,-46.43,-67.52,51,49.6,49.6,79,14.81
Saldanha,PT,1575105980,41.42,-6.55,92,53.96,53.96,99,15.64
Prince Rupert,CA,1575105981,54.32,-130.32,86,30.2,30.2,1,8.05
Hamilton,CA,1575105981,43.26,-79.87,79,33.01,24.01,90,6.93
Inhambane,MZ,1575105981,-23.87,35.38,58,87.8,87.8,20,16.11
Kimbe,PG,1575105981,-5.56,150.15,84,77.14,77.14,0,1.72
Kieta,PG,1575105981,-6.22,155.63,78,82.18,82.18,58,4.52
Port Hardy,CA,1575105982,50.7,-127.42,92,23.0,23.0,5,2.24
Danville,US,1575105982,37.82,-122.0,100,45.0,33.8,1,1.28
Guerrero Negro,MX,1575105982,27.97,-114.04,64,57.69,57.69,33,6.26
Kruisfontein,ZA,1575105982,-34.0,24.73,61,71.13,71.13,87,20.04
Caxias,BR,1575105983,-4.87,-43.35,78,78.8,78.8,15,2.75
Palatka,RU,1575105983,60.1,150.94,71,-7.04,-7.04,100,7.16
Shiyan,CN,1575105984,32.65,110.78,86,44.01,44.01,100,1.01
Raudeberg,NO,1575105984,61.99,5.14,62,35.6,32.0,40,4.7
Sioux Lookout,CA,1575105710,50.1,-91.92,92,15.8,15.8,90,10.29
Saint-Augustin,CA,1575105984,45.63,-73.98,72,17.01,12.0,5,4.7
Tecpan,GT,1575105984,14.76,-90.99,87,60.8,43.0,75,11.41
Katsuura,JP,1575105985,33.93,134.5,68,48.2,42.8,20,4.7
Poddorye,RU,1575105985,57.47,31.12,92,30.13,30.13,100,12.03
Harper,US,1575105985,30.3,-99.24,83,71.6,69.01,75,12.75
Tasiilaq,GL,1575105985,65.61,-37.64,62,23.0,23.0,33,3.36
Beian,NO,1575105986,63.66,9.57,74,35.01,26.01,75,14.99
Hualmay,PE,1575105986,-11.1,-77.61,90,60.91,60.91,18,2.28
Dawson Creek,CA,1575105986,55.76,-120.23,84,3.2,-0.4,1,2.24
Ardalstangen,NO,1575105987,61.24,7.7,68,30.2,30.2,40,32.21
Biak,ID,1575105987,-0.91,122.88,74,84.83,84.83,99,12.21
Denpasar,ID,1575105951,-8.65,115.22,70,87.8,87.8,40,6.93
Zhanaozen,KZ,1575105988,43.35,52.85,47,46.58,46.58,100,16.93
Constitucion,MX,1575105988,23.99,-104.67,54,54.19,54.19,0,3.31
Dreux,FR,1575105988,48.74,1.37,86,42.01,37.99,98,9.17
San Andres,PH,1575105988,13.32,122.68,72,77.41,77.41,100,7.63
Boa Vista,BR,1575105988,2.82,-60.67,88,77.0,77.0,40,1.12
Nanakuli,US,1575105989,21.39,-158.15,78,78.8,73.4,90,8.05
Ewa Beach,US,1575105989,21.32,-158.01,61,78.8,73.4,1,9.17
Noshiro,JP,1575105989,40.21,140.05,63,33.8,32.0,75,1.12
Damghan,IR,1575105989,36.17,54.34,58,51.42,51.42,92,6.06
Lebu,ET,1575105989,8.96,38.73,52,68.0,68.0,20,6.93
Pailon,BO,1575105990,-17.66,-62.72,88,75.2,73.4,75,12.75
Yanam,IN,1575105990,16.73,82.22,52,89.6,89.6,40,8.05
Port Lincoln,AU,1575105990,-34.72,135.86,62,55.78,55.78,24,17.29
Tual,ID,1575105991,-5.67,132.75,67,83.32,83.32,62,8.05
East Hemet,US,1575105984,33.74,-116.94,100,46.99,19.0,75,1.39
Berlevag,NO,1575105991,70.86,29.09,68,35.94,35.94,89,34.76
Yangjiang,CN,1575105991,21.85,111.96,45,75.99,75.99,29,5.17
Ketchikan,US,1575105992,55.34,-131.65,92,33.8,26.6,1,3.36
Vanimo,PG,1575105992,-2.67,141.3,76,84.31,84.31,71,8.39
Kawalu,ID,1575105992,-7.38,108.21,81,76.75,76.75,99,5.35
Saint George,GR,1575105992,39.45,22.34,52,68.0,53.6,40,7.36
Harlingen,NL,1575105993,53.18,5.41,86,44.6,35.01,40,5.82
Aykhal,RU,1575105993,65.95,111.51,74,-22.0,-22.0,75,6.71
Ilulissat,GL,1575105993,69.22,-51.1,62,24.8,24.8,100,13.87
Shumikha,RU,1575105993,55.23,63.28,74,18.07,18.07,0,11.05
Bambous Virieux,MU,1575105994,-20.34,57.76,66,84.2,80.01,75,12.75
Diamantino,BR,1575105994,-14.4,-56.44,96,70.14,70.14,100,2.55
Beringovskiy,RU,1575105994,63.05,179.32,73,23.5,23.5,0,7.43
Bonthe,SL,1575105995,7.53,-12.5,78,82.58,82.58,2,3.71
Khatanga,RU,1575105995,71.98,102.47,98,-29.36,-29.36,88,8.88
Bethel,US,1575105995,60.79,-161.76,92,19.4,19.4,90,5.82
Uinskoye,RU,1575105995,56.88,56.58,59,27.07,27.07,72,11.03
Mabaruma,GY,1575105996,8.2,-59.78,99,72.36,72.36,100,1.68
Ancud,CL,1575105996,-41.87,-73.83,93,46.4,46.4,98,3.36
San Patricio,PY,1575105996,-26.98,-56.83,86,73.18,73.18,1,3.89
Umm Bab,QA,1575105997,25.21,50.81,32,84.2,84.2,20,3.36
Port Elizabeth,US,1575105997,39.31,-74.98,59,37.0,33.01,90,6.93
Tecoanapa,MX,1575105997,16.99,-99.26,88,80.6,80.6,40,2.35
Leszno,PL,1575105998,51.84,16.57,67,36.0,32.0,0,10.29
Luderitz,NA,1575105998,-26.65,15.16,42,80.6,80.6,0,24.16
Husavik,CA,1575105998,50.56,-96.99,92,30.0,28.0,94,3.0
Zhigansk,RU,1575105999,66.77,123.37,96,-10.53,-10.53,100,11.27
Pangkalanbuun,ID,1575105999,-2.68,111.62,85,83.52,83.52,84,3.71
Nicoya,CR,1575105999,10.15,-85.45,13,72.0,72.0,100,18.01
Mahebourg,MU,1575106000,-20.41,57.7,66,84.2,80.01,75,12.75
Monsenhor Gil,BR,1575106000,-5.56,-42.61,78,78.8,78.8,77,2.13
Dongsheng,CN,1575106000,29.72,112.52,85,41.59,41.59,100,11.39
Atambua,ID,1575106001,-9.11,124.89,75,79.7,79.7,3,4.92
Humaita,AR,1575106001,-24.93,-65.37,88,69.8,64.4,100,2.24
Ciudad Bolivar,VE,1575106001,8.12,-63.55,88,75.0,75.0,100,6.06
Gat,SN,1575106002,14.69,-16.54,83,71.6,66.2,5,19.46
Labuhan,ID,1575106002,-2.54,115.51,62,87.71,87.71,100,3.06
Miguel Hidalgo,MX,1575106002,19.41,-99.19,76,57.2,46.4,40,4.7
Pangnirtung,CA,1575106002,66.15,-65.72,92,18.43,18.43,100,8.16
Soyo,AO,1575105821,-6.13,12.37,66,86.0,86.0,75,6.93
Uige,AO,1575106003,-7.61,15.06,73,73.4,73.4,20,6.93
Sambava,MG,1575106003,-14.27,50.17,45,89.67,89.67,3,7.63
Dongobesh,TZ,1575106004,-4.07,35.37,79,67.55,67.55,93,4.5
Bukoba,TZ,1575106004,-1.33,31.81,74,78.8,78.8,20,2.21
Severo-Kurilsk,RU,1575106004,50.68,156.12,83,21.54,21.54,82,21.68
Orebro,SE,1575105811,59.27,15.21,74,33.01,25.0,33,10.29
College,US,1575106005,64.86,-147.8,100,24.8,21.0,90,3.42
El Cope,PA,1575106005,8.69,-82.32,67,68.0,68.0,94,7.0
Pasni,PK,1575106006,25.26,63.48,16,77.99,77.99,0,3.98
Quelimane,MZ,1575106006,-17.88,36.89,52,91.4,91.4,40,9.17
Esperance,AU,1575106007,-33.86,121.89,58,59.0,59.0,28,14.99
Pakdasht,IR,1575106007,35.48,51.68,41,59.0,59.0,40,20.8
Russell,US,1575105710,38.9,-98.86,81,44.6,42.01,1,19.46
Ahipara,NZ,1575106007,-35.17,173.16,100,64.0,64.0,0,9.35
Rawtenstall,GB,1575106008,53.7,-2.29,83,39.99,27.0,0,9.17
Darnah,LY,1575106008,32.77,22.64,69,67.6,67.6,0,13.73
Khuzhir,RU,1575106008,53.19,107.35,57,21.72,21.72,100,18.25
Lavrentiya,RU,1575106009,65.58,-170.99,72,22.87,22.87,99,15.93
Oussouye,SN,1575106009,12.49,-16.54,73,73.4,71.6,10,9.17
Carman,CA,1575106009,49.51,-98.0,100,28.99,27.0,90,6.93
Vardo,US,1575106010,39.62,-77.74,64,37.99,33.01,90,1.03
Chuy,UY,1575106010,-33.69,-53.46,83,66.04,66.04,100,6.64
Iskateley,RU,1575106011,67.68,53.15,97,32.92,32.92,100,23.51
Xuddur,SO,1575106011,4.12,43.89,41,83.68,83.68,0,9.57
Sol-Iletsk,RU,1575106012,51.16,55.0,71,27.61,27.61,93,15.48
Emba,CY,1575106012,34.81,32.42,60,73.4,66.99,40,8.05
Jalu,LY,1575106012,29.03,21.55,38,70.97,70.97,0,6.04
Bonavista,CA,1575106013,48.65,-53.11,86,39.99,39.99,100,1.99
Touros,BR,1575106013,-5.2,-35.46,88,73.4,73.4,20,4.7
Tan An,VN,1575106014,10.54,106.4,55,89.6,89.6,40,5.82
Bagdarin,RU,1575106014,54.44,113.59,86,-6.52,-6.52,34,4.5
Olenegorsk,RU,1575106015,68.14,33.28,96,18.72,18.72,100,2.86
Anamur,TR,1575106015,36.08,32.84,93,64.4,64.4,75,4.7
Kursk,RU,1575106015,51.74,36.18,100,37.4,37.4,90,11.18
Antalaha,MG,1575106016,-14.9,50.28,76,81.54,81.54,10,14.34
Berezniki,RU,1575106016,59.41,56.8,66,21.99,21.99,78,3.0
West Bay,CA,1575106016,49.34,-123.21,79,30.99,23.0,20,4.7
Launceston,AU,1575106016,-41.43,147.14,66,55.99,53.6,40,14.99
Kupang,ID,1575106017,-10.16,123.6,58,87.8,87.8,20,9.17
Penzance,GB,1575106017,50.12,-5.53,93,53.01,50.0,75,29.97
Imbituba,BR,1575105982,-28.24,-48.67,78,71.6,71.6,0,16.11
Tigil,RU,1575106017,57.8,158.67,93,12.15,12.15,100,4.94
Kristiansund,NO,1575106018,63.12,7.73,71,32.0,30.2,75,24.16
Toyooka,JP,1575106018,35.55,134.82,81,44.6,41.0,20,2.24
Geraldton,CA,1575106018,49.72,-86.95,85,14.0,14.0,90,9.17
Elko,US,1575106018,40.83,-115.76,79,26.6,21.99,90,10.29
Santa Maria,BR,1575106019,-16.02,-48.01,88,71.6,66.99,75,4.7
Namibe,AO,1575106019,-15.19,12.15,69,77.0,77.0,75,5.82
Saint Anthony,US,1575106019,43.97,-111.68,92,21.2,21.0,90,16.11
Yerbogachen,RU,1575106020,61.28,108.01,95,-4.58,-4.58,100,9.17
Vung Tau,VN,1575106020,10.35,107.08,69,84.11,84.11,27,14.43
Luwuk,ID,1575105786,-0.95,122.79,74,84.83,84.83,99,12.21
Amga,RU,1575106021,60.89,131.98,99,-7.8,-7.8,97,1.92
Khuzdar,PK,1575106021,27.8,66.62,25,59.11,59.11,0,3.0
Surab,PK,1575106021,28.49,66.26,26,53.06,53.06,0,4.16
Vestmannaeyjar,IS,1575106021,63.44,-20.27,72,39.45,39.45,100,4.97
Pishin,PK,1575106022,30.58,67.0,25,54.05,54.05,14,4.41
Emerald,AU,1575106022,-23.53,148.16,22,91.4,90.0,37,6.93
Dolores,UY,1575106022,-33.53,-58.22,93,66.99,66.99,39,4.0
Simpang,ID,1575106023,4.36,96.17,89,81.16,81.16,78,2.62
Cidreira,BR,1575106023,-30.17,-50.22,80,71.35,71.35,6,4.72
Port-Gentil,GA,1575106023,-0.72,8.78,94,75.2,75.2,90,4.7
Noyabrsk,RU,1575106023,63.2,75.45,94,18.41,18.41,100,23.02
Virginia Beach,US,1575105900,36.85,-75.98,81,45.0,39.0,90,13.4
Phan Thiet,VN,1575106024,10.93,108.1,69,82.26,82.26,91,12.66
La Ciotat,FR,1575106024,43.17,5.6,81,55.99,42.01,52,2.24
Corinto,CO,1575106025,3.17,-76.26,93,66.2,66.2,75,2.24
Okhotsk,RU,1575106025,59.36,143.24,65,-9.31,-9.31,3,22.12
Abtenau,AT,1575106025,47.56,13.35,90,37.99,33.01,75,2.24
Makurdi,NG,1575106026,7.73,8.54,39,90.43,90.43,97,1.63
Vao,EE,1575106026,59.1,26.19,64,30.51,30.51,0,9.31
Yaan,NG,1575106027,7.38,8.57,39,90.43,90.43,97,1.63
Kholodnyy,RU,1575106027,62.72,147.95,87,-33.63,-33.63,0,8.12
Upernavik,GL,1575106027,72.79,-56.15,91,18.07,18.07,100,12.68
Dzhebariki-Khaya,RU,1575106027,62.22,135.8,98,-23.37,-23.37,84,0.29
Maldonado,UY,1575106028,-34.91,-54.96,88,64.4,64.4,75,5.82
Wajir,KE,1575106028,1.75,40.07,70,84.2,84.2,75,4.7
Rio Gallegos,AR,1575106028,-51.62,-69.22,80,39.2,39.2,40,13.87
La Ronge,CA,1575106028,55.1,-105.3,85,14.0,14.0,90,3.36
Kiruna,SE,1575106029,67.86,20.23,67,19.4,19.4,0,18.34
Saint-Francois,FR,1575106029,46.42,3.91,100,42.8,42.01,90,5.82
Rudnogorsk,RU,1575106029,57.27,103.75,91,1.4,1.4,100,8.48
Rosario,UY,1575106029,-34.31,-57.35,86,64.99,64.99,0,1.01
Senekal,ZA,1575106030,-28.32,27.62,12,90.48,90.48,0,17.22
Tilichiki,RU,1575106030,60.47,166.1,94,9.79,9.79,100,3.62
Ponta do Sol,BR,1575106031,-20.63,-46.0,96,67.35,67.35,99,2.75
Shirokiy,RU,1575106031,53.87,39.17,100,36.0,36.0,100,4.0
Itoman,JP,1575105979,26.12,127.67,56,71.6,69.01,20,16.11
Sao Paulo de Olivenca,BR,1575106032,-3.38,-68.87,89,74.77,74.77,100,1.41
Huarmey,PE,1575106032,-10.07,-78.15,90,60.94,60.94,47,1.86
Lagos,NG,1575105933,6.46,3.39,89,84.2,84.2,20,4.7
Nome,US,1575106033,30.04,-94.42,94,73.99,70.0,90,4.7
Massaguet,TD,1575106033,12.48,15.44,11,89.6,89.6,7,16.11
Alcaniz,ES,1575106034,41.05,-0.13,69,57.0,57.0,28,2.93
Baj Baj,IN,1575106034,22.47,88.17,58,84.2,84.2,20,5.82
Gigmoto,PH,1575106034,13.78,124.39,73,81.0,81.0,63,23.47
Moanda,CD,1575106034,-5.93,12.38,66,86.0,86.0,75,6.93
Mwinilunga,ZM,1575106034,-11.73,24.43,96,65.59,65.59,100,3.38
Mareeba,AU,1575106035,-16.99,145.42,69,79.0,73.99,75,6.93
Gizo,IL,1575106035,31.8,34.94,46,73.99,69.01,49,8.05
Hope,US,1575106035,33.67,-93.59,77,69.8,68.0,90,11.41
Palmeirais,BR,1575106036,-5.97,-43.06,84,74.64,74.64,20,1.25
Mountain Home,US,1575106036,43.13,-115.69,100,26.6,24.01,90,4.7
Tashtyp,RU,1575106036,52.8,89.89,84,16.5,16.5,100,8.52
Ambulu,ID,1575106036,-8.35,113.61,79,83.12,83.12,99,15.26
Charlestown,US,1575106037,41.38,-71.64,40,33.8,26.01,40,11.41
Rafaela,AR,1575106037,-31.25,-61.49,61,63.0,62.01,100,5.86
Sao Domingos,BR,1575106037,-13.4,-46.32,93,69.3,69.3,100,1.05
Kaitangata,NZ,1575106038,-46.28,169.85,92,59.0,59.0,85,8.01
Nha Trang,VN,1575106038,12.24,109.19,78,82.4,82.4,40,20.8
Ayagoz,KZ,1575106038,47.96,80.43,66,14.94,14.94,0,5.79
Shimoda,JP,1575106039,34.7,138.93,75,48.0,37.0,20,3.36
Paracuru,BR,1575106032,-3.41,-39.03,78,86.0,77.0,40,8.05
Spassk-Ryazanskiy,RU,1575106039,54.41,40.38,100,36.0,36.0,100,4.0
Birobidzhan,RU,1575106040,48.79,132.93,92,7.36,7.36,46,1.48
Gaur,NP,1575106040,26.77,85.27,37,81.28,81.28,0,10.74
Nhulunbuy,AU,1575106041,-12.18,136.78,66,84.2,84.2,86,6.93
Norman Wells,CA,1575106041,65.28,-126.83,92,15.8,15.8,90,5.82
Agadez,NE,1575106041,16.97,7.99,12,84.2,82.4,1,16.11
Jurm,AF,1575106041,36.86,70.83,38,31.42,31.42,0,6.24
Tucumcari,US,1575106041,35.17,-103.73,59,37.4,36.0,1,16.11
Saint-Louis,SN,1575106042,16.03,-16.5,78,71.6,71.6,23,6.93
Avera,US,1575106042,33.19,-82.53,81,52.0,44.6,40,2.86
Iqaluit,CA,1575106042,63.75,-68.52,62,23.0,23.0,75,9.17
Dunedin,NZ,1575105896,-45.87,170.5,93,57.99,57.99,81,5.01
Vysokogornyy,RU,1575106043,50.1,139.13,99,-1.32,-1.32,100,2.93
Monrovia,LR,1575106043,6.33,-10.8,94,78.8,78.8,40,3.36
Barra Patuca,HN,1575106043,15.8,-84.28,72,80.22,80.22,100,13.42
Mehamn,NO,1575106043,71.03,27.85,74,30.9,30.9,76,32.08
Mitchell,US,1575106044,43.71,-98.03,86,33.8,33.01,90,19.46
Leningradskiy,RU,1575106044,69.38,178.42,85,15.24,15.24,100,23.11
Victoria,BN,1575105748,5.28,115.24,74,87.8,86.0,75,4.7
Margherita,IN,1575106045,27.29,95.67,51,80.6,80.6,40,6.93
Moron,HT,1575106045,18.56,-74.26,76,77.22,77.22,11,13.62
Rawson,AR,1575106045,-43.3,-65.11,58,53.17,53.17,0,26.04
Cap Malheureux,MU,1575106046,-19.98,57.61,66,84.2,80.01,75,12.75
Fairbanks,US,1575106046,64.84,-147.72,100,24.8,21.0,90,4.09
Esso,RU,1575106046,55.93,158.7,96,-1.79,-1.79,100,4.25
Hervey Bay,AU,1575106046,-25.3,152.85,65,77.0,77.0,0,11.41
Destin,US,1575105874,30.39,-86.5,93,57.99,44.6,1,5.23
Mascote,BR,1575106047,-15.56,-39.3,92,69.78,69.78,61,1.41
Sandnessjoen,NO,1575106047,66.02,12.63,92,33.8,28.0,90,8.05
Yumen,CN,1575106048,40.29,97.04,21,31.96,31.96,5,21.27
Rochelle,US,1575105776,41.92,-89.07,100,37.99,35.6,90,10.29
Copiapo,CL,1575106048,-27.37,-70.33,87,55.4,55.4,0,3.36
Conceicao do Araguaia,BR,1575106049,-8.26,-49.26,87,73.78,73.78,100,2.13
Boquira,BR,1575106049,-12.82,-42.73,90,70.65,70.65,73,2.62
Shelburne,CA,1575106049,44.08,-80.2,92,28.99,19.4,75,5.23
Haikou,CN,1575106050,20.04,110.34,69,77.0,77.0,75,8.95
Mount Gambier,AU,1575106050,-37.83,140.78,71,53.6,53.6,75,19.46
Praia da Vitoria,PT,1575106051,38.73,-27.07,100,64.99,57.2,20,10.47
Quatre Cocos,MU,1575106051,-20.21,57.76,66,84.2,80.01,75,12.75
Rabo de Peixe,PT,1575106051,37.8,-25.58,88,62.6,62.6,75,2.24
Mattawa,CA,1575106052,46.32,-78.7,92,16.0,10.4,90,13.87
Los Alamos,US,1575106052,35.88,-106.3,63,28.0,19.99,90,16.11
Hendersonville,US,1575106052,36.3,-86.62,76,53.01,48.2,90,7.63
Aragats,AM,1575106053,40.22,44.23,93,44.6,37.4,75,3.36
Riyadh,SA,1575105904,24.63,46.72,39,78.8,78.8,0,4.7
Palmer,AU,1575106053,-34.85,139.16,54,61.0,55.99,20,21.92
Vilhena,BR,1575106054,-12.74,-60.15,98,67.93,67.93,100,1.79
Rio Grande,BR,1575106054,-32.03,-52.1,84,70.45,70.45,64,8.01
Katrineholm,SE,1575106054,59.0,16.21,86,30.0,24.8,0,6.93
Havelock,US,1575105865,34.88,-76.9,81,45.0,39.0,90,2.95
Bandar-e Lengeh,IR,1575106055,26.56,54.88,50,77.0,77.0,0,6.93
Yantarnyy,RU,1575106056,54.87,19.94,56,41.0,41.0,75,17.9
Casablanca,MA,1575105788,33.6,-7.62,100,59.0,46.4,40,4.7
Neuquen,AR,1575105761,-38.95,-68.06,40,57.2,57.2,94,12.75
Longyearbyen,NO,1575106056,78.22,15.63,72,17.6,17.6,75,32.21
Eyl,SO,1575106057,7.98,49.82,63,81.52,81.52,100,25.7
Zaraza,VE,1575106057,9.35,-65.33,97,69.31,69.31,100,3.76
Mayo,CA,1575106057,63.59,-135.9,92,12.2,12.2,40,2.73
Pisco,PE,1575106058,-13.71,-76.2,88,64.4,64.0,90,5.82
LOS ALGARROBOS,EC,1575106058,-3.25,-79.94,85,71.76,71.76,99,1.81
Batanovci,BG,1575106058,42.6,22.95,93,46.99,37.99,90,2.24
Pinega,RU,1575106059,64.7,43.39,94,34.03,34.03,100,13.87
Nanganga,TZ,1575106059,-10.41,39.17,54,88.12,88.12,99,3.42
America Dourada,BR,1575106059,-11.46,-41.44,68,68.13,68.13,28,4.47
Chumikan,RU,1575106059,54.72,135.31,73,3.97,3.97,0,12.46
Bagalkot,IN,1575106060,16.19,75.7,47,83.46,83.46,100,14.99
Provideniya,RU,1575106061,64.42,-173.23,95,21.51,21.51,100,22.77
Port Hawkesbury,CA,1575106061,45.62,-61.36,95,36.0,32.0,90,26.4
Dwarka,IN,1575106061,28.58,77.04,68,72.0,68.0,0,6.93
Lanzhou,CN,1575106061,36.06,103.82,85,23.0,23.0,90,2.24
Griffith,AU,1575106062,-34.29,146.06,21,69.8,66.0,0,13.87
Beloha,MG,1575106062,-25.17,45.06,22,95.81,95.81,0,9.04
Kukuna,SL,1575106062,8.64,-12.57,70,84.2,84.2,75,6.93
Ornes,FR,1575106063,49.25,5.47,93,37.4,30.0,20,2.24
Najran,SA,1575106063,17.54,44.22,33,75.2,75.2,81,4.7
Mattru,SL,1575106063,7.62,-11.83,84,81.09,81.09,0,3.04
Ixtapa,MX,1575106063,20.71,-105.21,88,73.0,71.6,75,3.94
Olga,US,1575106064,34.11,-118.17,76,50.0,34.0,1,2.1
Manjeshwar,IN,1575106064,12.72,74.89,41,93.2,93.2,100,4.7
Zell am See,AT,1575106064,47.32,12.8,95,37.4,30.99,75,2.24
Lalsk,RU,1575106064,60.74,47.59,89,27.23,27.23,100,13.44
Inirida,CO,1575106065,3.87,-67.92,97,72.7,72.7,17,1.16
Beibei,CN,1575106065,29.83,106.43,81,48.2,48.2,90,4.47
Tricase,IT,1575106065,39.93,18.36,82,63.0,60.8,40,4.7
Polunochnoye,RU,1575106066,60.87,60.43,83,26.47,26.47,89,6.89
Coruripe,BR,1575106066,-10.12,-36.18,81,76.1,76.1,38,12.53
Belebey,RU,1575106066,54.12,54.12,80,21.4,21.4,100,16.11
Ossora,RU,1575106066,59.24,163.07,66,13.82,13.82,100,8.34
Sabang,PH,1575106067,13.8,121.11,74,74.97,74.97,99,7.07
Viedma,AR,1575106067,-40.81,-62.99,42,54.66,54.66,15,21.63
Belmonte,PT,1575106067,40.36,-7.35,10,57.0,55.0,100,8.61
Kerur,IN,1575105964,16.02,75.57,47,83.46,83.46,100,14.99
Tuatapere,NZ,1575106068,-46.13,167.69,77,55.99,55.99,42,1.01
Utete,TZ,1575106068,-7.99,38.76,58,88.38,88.38,96,4.07
Sosnogorsk,RU,1575106068,63.59,53.93,92,30.58,30.58,100,12.3
Broken Hill,AU,1575106069,-31.97,141.45,19,71.6,71.6,0,14.99
Baracoa,CU,1575106069,20.35,-74.5,67,77.68,77.68,26,13.29
Hami,CN,1575106069,42.84,93.51,30,29.57,29.57,0,5.37
Konstantinovskiy,RU,1575106069,57.83,39.59,100,33.8,33.8,90,8.95
Mandalgovi,MN,1575106070,45.76,106.27,31,14.29,14.29,100,14.7
Tumut,AU,1575106070,-35.3,148.22,36,56.86,56.86,33,6.06
Mangochi,MW,1575106071,-14.48,35.26,64,81.63,81.63,77,5.17
Nouakchott,MR,1575105799,18.08,-15.98,93,62.6,62.6,36,6.93
Te Anau,NZ,1575106072,-45.41,167.72,81,50.05,50.05,33,6.62
Sorland,NO,1575106072,67.67,12.69,86,30.2,30.2,90,34.45
Devils Lake,US,1575105865,48.11,-98.87,100,26.6,26.6,90,16.11
Sistranda,NO,1575105926,63.73,8.83,74,35.01,33.8,75,14.99
Chinsali,ZM,1575106073,-10.55,32.07,52,81.7,81.7,61,6.38
Chicama,PE,1575106074,-7.84,-79.15,82,66.2,66.2,75,4.7
Bougouni,ML,1575106074,11.42,-7.49,19,79.97,79.97,0,7.02
Lydenburg,ZA,1575106021,-25.1,30.46,19,99.0,99.0,0,5.99
Powell River,CA,1575106075,49.84,-124.52,68,30.99,21.99,5,5.82
Poum,MK,1575106075,41.28,20.71,71,51.8,51.8,75,9.17
Coihaique,CL,1575106075,-45.58,-72.07,96,33.62,33.62,99,7.36
Arawa,ID,1575106075,-3.93,119.75,38,91.47,91.47,100,4.68
Termez,AF,1575106076,37.23,67.28,21,62.6,59.0,44,4.7
San Jose,HN,1575106076,14.25,-87.96,88,60.4,60.4,99,8.46
Formosa,BR,1575106077,-15.55,-47.33,97,66.45,66.45,98,3.71
Maihar,IN,1575106077,24.26,80.76,28,82.65,82.65,0,4.7
Waingapu,ID,1575106077,-9.65,120.26,71,85.46,85.46,3,8.79
Lorengau,PG,1575106078,-2.02,147.27,70,84.13,84.13,36,8.28
Nishihara,JP,1575106078,35.74,139.53,35,50.0,43.0,1,6.93
Lata,IN,1575106079,30.78,78.62,33,28.2,28.2,0,7.47
Amahai,ID,1575106079,-3.31,129.0,65,85.03,85.03,90,5.88
Mykolayiv,UA,1575106080,46.97,32.0,93,48.0,42.8,43,6.71
Concepcion del Oro,MX,1575106080,24.63,-101.42,52,56.52,56.52,0,2.75
Taoudenni,ML,1575106080,22.68,-3.98,18,72.46,72.46,0,6.91
Kholtoson,RU,1575106081,50.3,103.31,85,2.37,2.37,100,1.99
Roebourne,AU,1575106082,-20.77,117.15,26,94.82,94.82,47,17.76
Moerai,PF,1575106082,-22.43,-151.33,91,76.64,76.64,98,17.6
Ruston,US,1575106082,32.52,-92.64,82,69.8,64.4,90,12.75
Katobu,ID,1575106083,-4.94,122.53,54,87.87,87.87,84,1.32
Tura,RU,1575106083,64.27,100.22,98,-17.73,-17.73,95,1.92
Gayeri,BF,1575106083,12.65,0.49,11,86.29,86.29,0,14.5
Batagay-Alyta,RU,1575106084,67.8,130.41,72,-14.12,-14.12,100,0.98
Salinopolis,BR,1575106084,-0.61,-47.36,78,81.66,81.66,33,18.63
Puerto Colombia,CO,1575106084,10.99,-74.96,88,80.01,78.8,40,6.93
Morondava,MG,1575106084,-20.3,44.28,37,97.72,97.72,59,10.8
Brae,GB,1575106085,60.4,-1.35,80,37.4,35.6,100,4.7
Sfantu Gheorghe,RO,1575106085,44.65,26.83,71,51.8,41.0,75,9.17
Burns Lake,CA,1575106086,54.23,-125.76,81,12.81,12.81,94,2.3
Umtata,ZA,1575106086,-31.59,28.78,47,80.6,80.6,59,5.82
Cayenne,GF,1575106086,4.94,-52.33,100,71.6,71.6,20,3.98
Jaicos,BR,1575106086,-7.36,-41.14,69,74.95,74.95,32,6.49
Los Llanos de Aridane,ES,1575106087,28.66,-17.92,77,73.0,69.8,69,11.41
Usinsk,RU,1575106087,66.0,57.56,94,28.96,28.96,100,21.07
Karatau,KZ,1575106087,43.18,70.46,49,23.0,23.0,0,3.0
Axim,GH,1575106088,4.87,-2.24,68,85.8,85.8,80,2.93
Alta Floresta,BR,1575106088,-9.87,-56.08,99,68.65,68.65,29,2.77
Ovalle,CL,1575105918,-30.6,-71.2,64,50.81,50.81,96,0.56
Richards Bay,ZA,1575106089,-28.77,32.06,90,73.4,73.4,5,9.82
Majene,ID,1575106089,-3.54,118.97,76,83.95,83.95,99,4.43
Oktyabrskoye,RU,1575106089,56.73,85.44,85,18.0,15.8,40,6.71
Peniche,PT,1575106090,39.36,-9.38,100,63.0,60.01,75,9.17
Comodoro Rivadavia,AR,1575106090,-45.87,-67.48,53,50.0,50.0,40,13.87
Terbuny,RU,1575106090,52.15,38.28,98,41.05,41.05,100,9.35
Maneromango,TZ,1575106091,-7.2,38.78,62,89.6,89.6,75,14.99
Tabas,IR,1575106091,33.6,56.92,22,60.8,60.8,16,2.24
Canillo,FR,1575106091,42.57,1.6,86,46.99,35.01,20,1.12
Pechora,RU,1575106093,65.12,57.16,92,29.98,29.98,100,13.18
High Level,CA,1575106093,58.52,-117.13,92,12.2,12.2,90,10.29
Ayan,IR,1575106093,38.23,44.7,41,57.2,57.2,40,11.41
Pachino,IT,1575106094,36.72,15.09,93,64.99,53.01,20,1.12
Wamba,CD,1575106094,2.14,27.99,69,81.73,81.73,94,1.83
Sao Pedro do Sul,BR,1575106095,-29.62,-54.18,89,69.12,69.12,28,3.0
Murindo,CO,1575106095,6.98,-76.75,97,68.63,68.63,99,1.07
Chernyshevskiy,RU,1575106095,63.01,112.47,95,-1.95,-1.95,100,6.93
Batemans Bay,AU,1575106095,-35.71,150.18,71,62.01,55.0,0,1.01
Aasiaat,GL,1575106096,68.71,-52.87,91,19.99,19.99,100,18.23
Lixourion,GR,1575106096,38.2,20.43,68,68.0,66.0,40,12.75
Kisanga,CD,1575106096,-11.72,27.4,83,71.6,71.6,75,2.82
La Rioja,AR,1575106097,-29.41,-66.86,77,62.01,62.01,29,4.76
Acheng,CN,1575106097,45.55,126.95,92,24.8,24.8,90,13.42
Pringsewu,ID,1575106097,-5.36,104.98,74,82.83,82.83,50,3.47
Klyuchi,RU,1575106097,52.25,79.17,74,14.5,14.5,0,8.32
Petatlan,MX,1575106098,17.52,-101.27,74,80.8,80.8,0,7.11
Urumita,CO,1575106098,10.56,-73.02,84,65.61,65.61,100,2.59
Khandyga,RU,1575106098,62.65,135.58,98,-25.56,-25.56,98,1.23
Homer,US,1575106099,59.64,-151.54,87,44.6,33.01,90,3.36
Malibu,MX,1575106099,16.77,-93.16,100,64.4,64.4,40,3.02
Solnechnyy,RU,1575106099,50.72,136.64,90,-0.76,-0.76,7,2.59
Manbij,SY,1575106099,36.53,37.96,71,53.6,53.6,90,5.82
Xiamen,CN,1575105862,24.46,118.07,60,71.6,71.6,18,2.24
Adre,TD,1575106100,13.47,22.2,13,77.79,77.79,11,17.47
Sinnamary,GF,1575106100,5.38,-52.96,85,80.06,80.06,7,12.66
Sao Jose da Coroa Grande,BR,1575106100,-8.9,-35.15,73,78.98,78.98,70,13.27
Ust-Kulom,RU,1575106101,61.69,53.69,87,23.45,23.45,36,11.99
Mercedes,UY,1575106101,-33.25,-58.03,93,66.99,66.99,39,4.0
Christchurch,NZ,1575106101,-43.53,172.64,87,60.01,55.0,96,13.87
Pacific Grove,US,1575105955,36.62,-121.92,65,46.4,36.0,90,8.05
La Vergne,US,1575106102,36.02,-86.58,66,55.4,48.2,90,6.11
Ouesso,CG,1575106102,1.61,16.05,49,88.88,88.88,2,3.96
Comarapa,BO,1575106102,-17.91,-64.53,96,57.24,57.24,11,0.81
Eureka,US,1575105886,40.8,-124.16,80,42.01,28.99,1,8.05
Bijie,CN,1575106103,27.3,105.3,78,39.87,39.87,100,7.47
Tocopilla,CL,1575106103,-22.09,-70.2,49,46.85,46.85,0,1.88
Stokmarknes,NO,1575106103,68.56,14.91,86,28.0,19.0,90,4.7
Yamada,JP,1575106104,36.58,137.08,75,45.0,39.0,20,5.82
Akbarpur,IN,1575106104,26.42,82.54,30,83.34,83.34,0,9.78
Baddomalhi,PK,1575106104,31.99,74.67,49,71.6,69.8,0,4.7
Jerome,US,1575106104,34.75,-112.11,86,37.0,19.4,40,5.82
Palmerston,AU,1575106105,-12.49,130.99,62,89.01,87.01,75,10.29
